<?xml version="1.0" encoding="utf-8"?>
<MUPDefinition xmlns:xsi="http://www.w3.org/2001/XMLSchema-instance" xmlns:xsd="http://www.w3.org/2001/XMLSchema" xmlns="http://schemas.dell.com/openmanage/cm/2/0/mupdefinition.xsd">
  <packageinformation>
    <installertype>mupinstaller</installertype>
    <mupspecificationversion>3.0.0</mupspecificationversion>
    <name>Intel(R) Dynamic Tuning Technology</name>
    <packagegrouping>dch_package</packagegrouping>
    <packagingtype>dch_inf_package</packagingtype>
    <releasetype>DRVR</releasetype>
    <subsystem>Chipset</subsystem>
    <version>9.0.10701.24404</version>
    <AppliesTo>
      <DeviceInformation>TBD</DeviceInformation>
    </AppliesTo>
    <supportedoperatingsystems>
      <osidentifier name="Windows10" architecture="x64" />
    </supportedoperatingsystems>
    <content dchSupport="true" baseOSBuildNumber="17763">
      <DeviceGroup supportedOSBuildNumber="17763">
        <Device componentID="102309">
          <Generic>SWC\VID8086_DTT_1.0</Generic>
          <Image type="DRVR" inftype="component" version="9.0.10701.24404">
            <file>17763\Drivers\x64\dtt_sw.inf</file>
            <supportedoperatingsystems>
              <osidentifier name="Windows10.0" architecture="x64" buildNumber="17763" />
            </supportedoperatingsystems>
          </Image>
        </Device>
        <Device componentID="102309">
          <Image type="DRVR" inftype="extension" Id="{BC7814A1-A80E-44B3-87C6-652EAC676387}" delay="10" version="9.0.10701.24404">
            <file>17763\Drivers\x64\dtt_ext.inf</file>
            <supportedoperatingsystems>
              <osidentifier name="Windows10.0" architecture="x64" buildNumber="17763" />
            </supportedoperatingsystems>
          </Image>
        </Device>
      </DeviceGroup>
    </content>
  </packageinformation>
</MUPDefinition>